DELETE FROM plan_dates WHERE event='demo1';
DELETE FROM plan_dates WHERE event='demo2';
INSERT INTO `plan_dates` VALUES (1,'demo1','Monday',1);
INSERT INTO `plan_dates` VALUES (2,'demo1','Tuesday',2);
INSERT INTO `plan_dates` VALUES (3,'demo1','Wednesday',3);
INSERT INTO `plan_dates` VALUES (4,'demo1','Thursday',4);
INSERT INTO `plan_dates` VALUES (5,'demo1','Friday',5);
INSERT INTO `plan_dates` VALUES (6,'demo1','Saturday',6);
INSERT INTO `plan_dates` VALUES (7,'demo1','Sunday',7);
INSERT INTO `plan_dates` VALUES (8,'demo2','Fish',1);
INSERT INTO `plan_dates` VALUES (9,'demo2','Veal',2);
INSERT INTO `plan_dates` VALUES (10,'demo2','Broccoli',3);
INSERT INTO `plan_dates` VALUES (11,'demo2','Onion soup',4);

DELETE FROM plan_events WHERE event_id='demo1';
DELETE FROM plan_events WHERE event_id='demo2';
INSERT INTO `plan_events` VALUES ('demo1','Trip to the sea','noreply@planster.net',2,0000-00-00);
INSERT INTO `plan_events` VALUES ('demo2','Dinner','noreply@planster.net',1,0000-00-00);

DELETE FROM plan_people WHERE event_id='demo1';
DELETE FROM plan_people WHERE event_id='demo2';
INSERT INTO `plan_people` VALUES (1,'demo1','Jack');
INSERT INTO `plan_people` VALUES (2,'demo1','Al');
INSERT INTO `plan_people` VALUES (3,'demo1','Fred');
INSERT INTO `plan_people` VALUES (4,'demo2','Eugene');
INSERT INTO `plan_people` VALUES (5,'demo2','Tom');
INSERT INTO `plan_people` VALUES (6,'demo2','George');

DELETE FROM plan_status WHERE event_id='demo1';
DELETE FROM plan_status WHERE event_id='demo2';
INSERT INTO `plan_status` VALUES (2,'demo1',1,1);
INSERT INTO `plan_status` VALUES (2,'demo1',2,1);
INSERT INTO `plan_status` VALUES (2,'demo1',3,2);
INSERT INTO `plan_status` VALUES (2,'demo1',4,2);
INSERT INTO `plan_status` VALUES (2,'demo1',5,2);
INSERT INTO `plan_status` VALUES (2,'demo1',6,1);
INSERT INTO `plan_status` VALUES (2,'demo1',7,3);
INSERT INTO `plan_status` VALUES (3,'demo1',1,2);
INSERT INTO `plan_status` VALUES (3,'demo1',2,3);
INSERT INTO `plan_status` VALUES (3,'demo1',3,2);
INSERT INTO `plan_status` VALUES (3,'demo1',4,1);
INSERT INTO `plan_status` VALUES (3,'demo1',5,1);
INSERT INTO `plan_status` VALUES (3,'demo1',6,1);
INSERT INTO `plan_status` VALUES (3,'demo1',7,1);
INSERT INTO `plan_status` VALUES (1,'demo1',1,3);
INSERT INTO `plan_status` VALUES (1,'demo1',2,3);
INSERT INTO `plan_status` VALUES (1,'demo1',3,3);
INSERT INTO `plan_status` VALUES (1,'demo1',4,2);
INSERT INTO `plan_status` VALUES (1,'demo1',5,1);
INSERT INTO `plan_status` VALUES (1,'demo1',6,1);
INSERT INTO `plan_status` VALUES (1,'demo1',7,3);
INSERT INTO `plan_status` VALUES (4,'demo2',8,1);
INSERT INTO `plan_status` VALUES (4,'demo2',9,1);
INSERT INTO `plan_status` VALUES (4,'demo2',10,2);
INSERT INTO `plan_status` VALUES (4,'demo2',11,1);
INSERT INTO `plan_status` VALUES (6,'demo2',8,2);
INSERT INTO `plan_status` VALUES (6,'demo2',9,1);
INSERT INTO `plan_status` VALUES (6,'demo2',10,1);
INSERT INTO `plan_status` VALUES (6,'demo2',11,3);
INSERT INTO `plan_status` VALUES (5,'demo2',8,2);
INSERT INTO `plan_status` VALUES (5,'demo2',9,2);
INSERT INTO `plan_status` VALUES (5,'demo2',10,1);
INSERT INTO `plan_status` VALUES (5,'demo2',11,1);

DELETE FROM plan_log WHERE event_id='demo1';
DELETE FROM plan_log WHERE event_id='demo2';

INSERT INTO plan_log VALUES ('','demo1', 'CRE', '', NULL);
INSERT INTO plan_log VALUES ('','demo2', 'CRE', '', NULL);
